<?xml version="1.0" encoding="UTF-8"?>
<project-private xmlns="http://www.netbeans.org/ns/project-private/1">
    <editor-bookmarks xmlns="http://www.netbeans.org/ns/editor-bookmarks/2" lastBookmarkId="0"/>
    <open-files xmlns="http://www.netbeans.org/ns/projectui-open-files/2">
        <group>
            <file>file:/C:/Users/USER/Documents/NetBeansProjects/ModulGame/src/modulgame/KeyInput.java</file>
            <file>file:/C:/Users/USER/Documents/NetBeansProjects/ModulGame/src/modulgame/Handler.java</file>
            <file>file:/C:/Users/USER/Documents/NetBeansProjects/ModulGame/src/modulgame/Window.java</file>
            <file>file:/C:/Users/USER/Documents/NetBeansProjects/ModulGame/src/modulgame/Game.java</file>
            <file>file:/C:/Users/USER/Documents/NetBeansProjects/ModulGame/src/modulgame/ID.java</file>
            <file>file:/C:/Users/USER/Documents/NetBeansProjects/ModulGame/src/modulgame/Menu.java</file>
            <file>file:/C:/Users/USER/Documents/NetBeansProjects/ModulGame/src/modulgame/Player.java</file>
            <file>file:/C:/Users/USER/Documents/NetBeansProjects/ModulGame/src/modulgame/GameObject.java</file>
            <file>file:/C:/Users/USER/Documents/NetBeansProjects/ModulGame/src/modulgame/Items.java</file>
        </group>
    </open-files>
</project-private>
